,amp1mean,amp1std,amp1skew,amp1kurt,amp1dmean,amp1dstd,amp1dskew,amp1dkurt,amp10mean,amp10std,amp10skew,amp10kurt,amp10dmean,amp10dstd,amp10dskew,amp10dkurt,amp100mean,amp100std,amp100skew,amp100kurt,amp100dmean,amp100dstd,amp100dskew,amp100dkurt,amp1000mean,amp1000std,amp1000skew,amp1000kurt,amp1000dmean,amp1000dstd,amp1000dskew,amp1000dkurt,power1,power2,power3,power4,power5,power6,power7,power8,power9,power10
Adele\01 Hometown Glory.mp3,-1.75418,5334.194994534838,0.4898508546825877,4.572909330316169,0.011624023248046495,3056.8661556270777,0.7491658195893457,13.037202932486245,-1.7541799999999987,3411.035757767914,0.14792606260006508,3.287694674045565,0.18420168403368267,5289.044158990293,-0.05199979308966297,3.671368115093782,-1.7541799999999996,331.83475365182534,-0.047712540231799896,3.3033631082826713,0.0816143228645745,530.4681101366122,-0.07716302524350574,3.7330026511059033,-1.7541800000000003,42.73067324196519,0.11816988380934097,3.1619472141487597,0.092374749498998,71.93812043430859,-0.14547547323324794,3.3205844768533193,0.2562626082153996,0.24457631078081385,0.1332262200737119,0.11505601557557676,0.05350031060311327,0.0616959310424215,0.03372027278050572,0.031884034918479486,0.047907875038054,0.022170420971924006
Adele\02 I'll Be Waiting.mp3,-4.061662,6368.628337505007,0.14637670487838506,3.456919382326591,0.001042002084004168,3860.8844412230537,0.3540813199492642,7.264916486039492,-4.061661999999997,4696.682188320304,-0.01403115326255932,3.188324455512713,-0.3344926898537968,5532.267609035867,-0.010854312514466013,3.204791812023809,-4.061661999999999,1048.4642527276826,-0.02501539018855636,2.8936220233751535,-0.35745749149829836,1898.787121348256,0.06989787921268018,2.9206083656957413,-4.061662000000002,103.41670800310634,0.013257712752691733,2.9293061145982273,-0.4241482965931857,180.61723964943994,-0.03716049817938018,3.018070952570818,0.2928559148772207,0.18459185944306045,0.11096763529258284,0.10503520742178638,0.07981475390649001,0.06959430785296161,0.0482967181798583,0.04684077876779617,0.039007301914207204,0.022995522344036255
Adele\03 Don't You Remember.mp3,-3.579576,5920.087054513276,0.27215347652166433,3.9608771662291127,0.00142000284000568,3729.2833898805798,0.4905878856664076,8.745255177777883,-3.579575999999995,4019.2773243249167,0.009854556894479748,3.566580031215618,0.11383827676554094,4774.190034523848,0.024550519674274643,3.4372694796693595,-3.5795759999999923,1060.092343687596,0.02730468419868997,2.6397866438268385,0.13467293458691185,1955.602045450608,0.05582279352537237,2.6076573125295814,-3.579575999999999,90.01753695670763,-0.34691796599741886,4.23589458366674,0.15777154308617192,148.77168161791664,0.29336695319942563,4.191683299949096,0.2529987905104221,0.21517495487929156,0.12601068058599618,0.10806563802960484,0.06838125144418623,0.06780996082075012,0.04177586060178333,0.0497362005023309,0.05227355630563168,0.017773106320002903
Adele\04 Turning Tables.mp3,-2.345298,5563.725865715464,0.30800765638589744,4.022532543871532,0.00477000954001908,4250.735254846114,0.5044034224201511,8.76498145878524,-2.345297999999999,3223.0442787968477,0.01466569050878426,3.3203909940533514,0.0063861277225558555,5090.635327640844,-0.00836708464741354,3.4555719543556487,-2.345298,291.0867904519049,0.010001001489964224,4.030668118257354,-0.02381076215242998,482.7453334181993,-0.012488630879315381,4.381046125693466,-2.3452979999999997,39.90075542278863,-0.17249448709574736,3.054375818969626,-0.05095390781563148,68.76877790961713,-0.09291027361176506,2.9914160222665647,0.19315364673180627,0.189790545215428,0.13978020482858264,0.12855732849140236,0.08011506099773821,0.07949318190322459,0.05154250222711772,0.05130882474477581,0.053995003050191163,0.03226370180973307
Adele\05 Set Fire To The Rain.mp3,-3.027496,6276.094522089352,0.1802267812748259,3.4231628921429764,0.024854049708099415,3962.460279649906,0.5116429768888799,6.016145353819586,-3.027496000000001,4374.204545435979,0.004605033764113493,3.1496592136270327,0.046060921218426136,4543.223002755499,0.02249566159179698,3.4422652003687824,-3.0274959999999975,1118.6187538735483,-0.06332873365497119,2.5209142243587275,-0.7785017003400646,1974.8117608332802,0.10478748776338839,2.592551093300799,-3.027496,102.31160843653072,-0.025050139777947362,2.381123466802268,-0.7775430861723442,174.2824358414965,0.009448361500105066,2.4180889854150083,0.2559706864027313,0.1943423736247535,0.12906290950355057,0.12490845614076941,0.06937277017285971,0.06813734646131822,0.04432376240754901,0.048116456808106264,0.04153803257101495,0.024227205907347428
Adele\06 If It Hadn't Been For Love.mp3,-0.322838,5770.983991334027,0.25936774831971277,3.936683473515477,0.008506017012034024,3903.7692217739927,0.44893327504510033,8.024947550104606,-0.32283799999999907,3716.7489497403812,0.22716448197304612,3.7336040650598066,0.10110002200044002,4559.150658242397,0.01949818011618499,3.8674718142778133,-0.322837999999996,941.6955679405344,-0.2008939464702911,3.6604046704065007,-0.06756351270254515,1694.2930423243076,-0.11675581968544385,3.7247211078243287,-0.32283800000000046,83.08906035586006,-0.0364592222830688,3.5592577122914335,0.1312184368737475,144.1513411447498,0.0011220825357162532,3.784922939122643,0.24796355252738114,0.20145372056457073,0.15284592666294086,0.11080983026859052,0.06580204426062897,0.06275168319254379,0.04589152265732312,0.04637040126794069,0.041826774519731914,0.024284544078348205
Adele\07 My Same.mp3,-4.03233,5861.773069751231,0.28582438788303915,4.11894241413261,0.006838013676027352,3773.4646763422297,0.5473681009331123,11.078517160290646,-4.032330000000002,4188.6732210778355,0.17069337568639475,3.9537495025205747,0.11431828636572922,5120.15613345357,-0.0004345848308302989,4.015672866603374,-4.032330000000002,870.4283717947106,-0.23735926144024705,4.542698936645754,0.15096219243848422,1414.7041535246776,-0.06543996114395126,5.605767579424328,-4.032330000000001,91.38161280201341,0.2935324223113298,3.9759590079166958,0.1790200400801592,154.65195843054948,-0.11421363575380444,4.286069338002004,0.30014823399347285,0.1545235578981265,0.1245750849546836,0.1132942263326244,0.06952080514921212,0.07172591577900908,0.049212579973471664,0.04001770427319935,0.04914536067508986,0.0278365309711108
Adele\08 Take It All.mp3,-1.483948,4918.744666647206,0.4497359302686625,4.738426676019226,0.03519207038414077,3530.8663316732377,0.6401870593852438,10.736423060170475,-1.4839479999999994,2787.678711770123,0.1616343324417427,3.7915255015523894,-0.03265865317306448,4350.846930721549,-0.031122427863352127,3.870862612265533,-1.4839480000000007,292.75396215944426,-0.018602813201483926,3.8430230185295176,-0.04478695739147777,499.0897401237266,0.007980169071523881,3.9892823856674435,-1.4839479999999998,33.05150724371426,-0.1862653581984135,3.6509891830615593,-0.07284368737474971,57.9372838957268,0.09191986574700223,3.5519361860057903,0.1970725969696482,0.2189750652780635,0.1264420468425558,0.139227750537423,0.07985032614488662,0.08169360630959223,0.05184367201653749,0.04220063935279086,0.040393742677131375,0.022300553871370966
Adele\09 Rumour Has It.mp3,-0.840714,5486.055527929148,0.1310713304357304,3.7896263266228494,-0.002354004708009416,2661.2057273394535,0.3356957754280426,8.715890446626805,-0.8407140000000051,4410.2539718223225,0.006011916726396929,3.5391761493613916,-0.05958919178382794,4859.026915586178,0.009250458053621395,3.415079475107061,-0.8407140000000003,940.9016484195945,-0.09682006864788588,4.131740179724699,-0.34781556311261796,1685.221513554933,0.04515668389105104,4.264610954122624,-0.8407139999999993,93.36565363744958,-0.1216079804576283,4.0578407192355685,-0.48553907815631286,165.97325875913333,0.037539878529402236,4.186389844604396,0.34947469793242747,0.16924074976755454,0.1242559284334147,0.09219234992057262,0.06996386886076963,0.05388549677005791,0.03672310071831726,0.03812955848757033,0.03899130273953246,0.02714294636978313
Adele\10 Right As Rain.mp3,-5.058238,6039.46012818185,0.2066843100619308,3.761082663625507,-0.014144028288056576,3806.067023125094,0.5384070562934352,7.788088510369565,-5.058238000000004,3999.199359733412,-0.03184055896117924,4.065967263852067,-0.16482929658592935,4402.45638398682,-0.0070909087866051716,4.1224534087878455,-5.058237999999999,851.8685480416068,-0.03211665682613351,4.055052022346792,-0.21838367673534675,1527.7472321833075,0.08570458113746739,4.223820530483015,-5.058238000000001,98.33389496277138,0.13185778191537342,3.9963534137047807,-0.23334869739478992,170.44084031174864,0.08132752016281018,3.9949707171076527,0.25536197319686205,0.22106682873442607,0.140356763889616,0.10441247876905259,0.06678168900711366,0.06669696089614771,0.04106373406696386,0.04131285428201082,0.03963599792794884,0.023310719229858886
Adele\11 One And Only.mp3,-3.99511,5990.2487472262865,0.2162365601364512,3.7007584650078993,0.024750049500099,3252.0631645524795,0.5054914367547114,8.837450124788289,-3.9951099999999964,4673.017673604315,0.05642231889430411,3.746312890183269,0.24866097321945935,4820.463508704876,0.045180317868781315,3.417202364476806,-3.99511,1378.011649587052,-0.050710355421584,3.28389275633388,-0.07857371474294712,2501.426846543106,0.14023379348205908,3.3870595149367717,-3.9951100000000004,141.1423785865815,-0.07830070487946855,3.3731576496336833,0.2897895791583157,258.05024424485913,0.07738869495186174,3.6743116410448606,0.295733117177661,0.18326470259221025,0.12891168122704916,0.10848043424123185,0.06817044047901885,0.06695573024985273,0.039655689806219085,0.04270943342095506,0.04468468580906887,0.021434084996733438
Adele\12 Lovesong.mp3,-0.912486,5853.585101677374,0.21165683787719963,3.5255402801344156,0.01842003684007368,2758.085305800713,0.5133886613606653,9.503089420104518,-0.9124859999999957,4586.85929146778,0.05720638570394914,3.5424221534319726,0.024926498529972113,5610.886063696008,-0.034173438694327915,3.155104686899473,-0.9124859999999995,1252.2594717914014,-0.09276536026938291,3.497127974418026,-0.06799559911981998,2348.6280090718633,-0.09304949722127484,3.517919883542787,-0.9124859999999997,111.85240849316479,-0.15076487399286703,3.9182254615238397,0.08191983967935915,192.24882979836127,-0.19414604033139032,4.3236834658491015,0.3498121675426783,0.20260813914076503,0.11324355041685617,0.08026659541624506,0.05189988278515052,0.059474241985110136,0.033661611669638145,0.02961686071561783,0.05206191340126839,0.027355036926670514
Adele\13 Chasing Pavements.mp3,-16.90197,6726.364556635042,0.0751153495283659,3.9348107987511,-0.004546009092018184,4287.475386383427,0.32714022344792254,7.939875217904861,-16.901969999999995,4953.648684107818,-0.048441113581250445,4.380911575954731,-0.24077481549631077,5606.756759831671,0.06024099562435515,3.705268436497878,-16.90197,1099.7397938266574,-0.031094900884997504,4.499217012978434,-0.30366473294658447,2014.0680481959305,0.0813811487514412,4.262677944245939,-16.901970000000002,113.0534430883956,-0.2258540916847175,4.396977263265237,-0.44241082164328666,185.88480735757372,-0.07486650994985866,4.913714041117472,0.2891138656314239,0.1803641177218753,0.08780637092544634,0.11418192171777618,0.08132155793942557,0.0799794272983775,0.04586989225367677,0.04739071782061785,0.04479987741907202,0.029172251272308596
Adele\14 I Can't Make You Love Me.mp3,-0.64183,4273.8948268014565,0.3894222925787008,4.877868152444854,0.014114028228056456,2907.0100991434874,0.830323804918794,14.131316741279047,-0.6418300000000018,2696.3938538985826,0.06664129091527933,3.71560474796021,-0.008500170003399286,3744.0242485840863,0.04401241830487007,4.1599176415220365,-0.6418300000000003,342.9563145126083,-0.05172302154618199,3.8631840964991877,-0.06901980396078998,566.3245535844247,0.0029487236886459977,4.0411557389037736,-0.6418299999999996,41.15491821725685,0.029669757929612534,3.3999616784307563,-0.02266533066132205,73.28062813476609,0.09963543193915371,3.59524823825693,0.23288870205422138,0.1922486213596269,0.15387094009917116,0.1098050248708148,0.07523194395894575,0.07233385715518036,0.04152983601513304,0.05215246658559739,0.04821594408667282,0.021722663814636327
Adele\15 Make You Feel My Love.mp3,-0.765464,3997.575930610058,0.3147685864030026,4.275143035956029,-0.001998003996007992,1625.4282242830138,1.1609986062007323,23.278302373501383,-0.7654639999999995,3054.2503670948236,0.0794810360645831,3.253124103763453,-0.049134982699653336,4208.85895060475,-0.009442197937689372,3.737582710676645,-0.765464,370.6219354036465,0.05478411222515395,3.2384313708622927,-0.108971794358871,614.8177933879567,-0.05974907337038994,3.3989806182244418,-0.7654639999999995,49.34456765663982,0.031374113000633565,3.230744036187143,-0.17388376753507037,88.26579740518784,0.06015124977265738,3.358749377883661,0.3545609622998172,0.24294059676713112,0.11732191155471089,0.0959455988809524,0.048178722008873395,0.04569280902443092,0.028837389089372483,0.024025951152901872,0.02628842362961176,0.01620763559219805
Adele\16 Someone Like You.mp3,-0.69529,4512.0212103599215,0.5082920516136297,4.2239114964726765,0.004044008088016176,2316.1547365737842,0.9422470319385524,14.859161554843798,-0.6952900000000012,3119.9128283902446,0.17185186592075768,3.2435396533086736,0.14354487089741794,4740.656514783886,-0.10343532960247775,3.349465943685412,-0.69529,304.0008708628906,0.009085437598607967,3.456033457132471,0.01541308261652359,494.4548921934004,-0.09021727765888533,3.812725024488974,-0.6952900000000002,37.202540547681686,-0.10329820364665687,3.524578449362902,0.18623647294589063,64.95162511764458,-0.15029345302547933,3.490324866274233,0.2768214400483931,0.2643849360960076,0.10659233077453602,0.10749405810399772,0.05460459443844884,0.06076269876227841,0.036521171081396485,0.03016186105751343,0.03905621662814329,0.023600693009284808
Adele\17 Rolling In The Deep.mp3,-1.389164,6872.861095000202,0.0651653010650061,3.197120206224004,0.002742005484010968,3869.8646747393736,0.4140165471354203,6.340402230156011,-1.3891639999999976,5231.181384182026,0.00011216496953635629,3.3215799310322134,-0.015482309646195059,5892.306121332042,0.026744742504042598,3.34110899807967,-1.3891640000000007,966.5675218204991,-0.05496486159925044,3.4494155964404807,-0.22149229845968665,1739.2224916821563,0.05765410645897186,3.379788154342471,-1.3891640000000003,108.05058806811329,0.2479921527980212,3.251586503357505,0.22624448897795799,177.99909088850598,0.020620408016874685,3.1872826736511084,0.31968598234210066,0.1772778946018997,0.11913052896005513,0.098886722663279,0.06702624821657968,0.061080499976064254,0.04651864581855906,0.0400699197367826,0.04098671015674085,0.029336847527939025
BeastieBoys\01 So What'cha Want.mp3,-13.342944,10571.872236682082,0.011501118085403083,3.9741650138223004,-0.028944057888115778,4376.149063511833,-0.04517265310452746,6.266929100489453,-13.342944000000005,9259.263042905619,0.0071379105593206045,4.736529638239652,-0.18165163303266207,7789.220074270353,-0.032007720710090025,4.8640101008909316,-13.342944000000012,3339.403788645041,0.25369738622835636,9.507527356899997,0.8604180836167135,6411.514617551583,-0.005226350615718257,9.7003095227885,-13.342943999999997,290.7429097609654,1.7273742962942111,14.389622241259257,-1.0762124248496983,470.7255522175443,-0.38274112296586366,10.011190386573888,0.3318605256018459,0.1671450397442311,0.12759736935041266,0.09457401671257501,0.07812068110485794,0.06337799216358783,0.047390930885215087,0.031754550032005904,0.03263776839165393,0.02554112601361509
BeastieBoys\02 Brass Monkey.mp3,0.855628,8000.142635147246,-0.048279580867835334,3.493308026251543,0.018446036892073785,3380.418091973639,0.10978115776348837,21.902632211422794,0.855627999999998,7617.2343520153245,-0.05327760636444541,3.557456503611314,0.13773875477509534,3046.75117973612,-0.17296734954802856,4.123672490325981,0.8556279999999963,4366.417183015888,-0.001835879412026995,3.3849867023845466,-1.7197879575915287,8640.753438754191,-0.0050240274122439225,3.368517744543598,0.8556280000000022,340.32227347558904,0.1474278733502663,4.377507514125114,-1.397921843687377,593.7860043699508,-0.08169201521045014,4.9805750128996715,0.2698681744406488,0.08216505923393642,0.06967642530219821,0.08704061487187226,0.08657158061887249,0.08694339419184893,0.08495313785759272,0.08910430078159313,0.07929487281071958,0.06438243989071758
BeastieBoys\03 Ch-Check It Out.mp3,-10.732922,8378.446693555039,0.02294135410105922,4.673296190167938,-0.029804059608119216,4077.2051667871297,-0.156017464693495,6.2081463997579345,-10.732921999999995,7494.150728205642,0.021154537271172336,5.215989106770228,-0.3579131582631639,4615.635742151,-0.08069342193030564,5.6847498886474,-10.732922000000004,4329.0404675462205,-0.08263008499306196,5.1628473777791015,-2.703940788157656,8279.720436158543,0.027185242063600023,5.243661870973875,-10.732921999999999,436.93567787031986,-0.4213096276055487,4.952547867509807,-0.5589879759518928,727.895132773651,0.26553690657112455,3.982112861236702,0.3039159236664465,0.14471183213100752,0.10740737240510173,0.09059598887786431,0.07091932282303548,0.07433107127158922,0.06325412739033212,0.05651073534927603,0.045492844423263346,0.042860781662083604
BeastieBoys\04 No Sleep Till Brooklyn.mp3,2.047624,6764.827397946527,-0.09843895716954838,8.846569484391193,-0.018376036752073503,3130.7969614284393,0.02086685619861899,6.408053996156674,2.047623999999997,6303.149874283583,-0.11047369752906225,10.639982218527072,-0.22621452429048614,3571.641972331967,-0.012002737723683779,6.957407659267537,2.0476240000000074,2496.069809140176,0.13311300695785142,14.154388871721041,0.1382016403280463,4510.077436098944,-0.036386799228083876,14.292551527979343,2.0476240000000017,213.97223361887546,0.5343164055170435,9.2065335448237,-0.42908216432866025,374.5723086692058,0.021036227490849803,8.909857192332279,0.31376340998249613,0.10266292270872023,0.058760618784357684,0.08374570433854879,0.07516690208528803,0.07856998896424378,0.07937949570157908,0.08251821621243871,0.0728139523967684,0.052618788825558864
BeastieBoys\05 Hey Ladies.mp3,-229.143384,7766.962376859375,-0.040400136101869245,6.508097826770998,-0.00696001392002784,4027.3240771725846,0.0745215442173036,9.304503855042052,-229.143384,6650.570500307551,-0.023306898280685297,8.573094095730696,0.04493889877797015,4822.520165845875,0.008361255545242424,11.22671646637345,-229.143384,2583.9498722631038,0.056472217724786604,10.630019483783908,0.0294298859772054,4808.174186139777,-0.05613947545073489,11.348956803613781,-229.143384,222.94513490761025,0.1428939303279622,6.259978037424542,0.10718036072144244,373.8446814151679,-0.6654879935854432,6.1180342097346845,0.3313633457945725,0.14341968121458754,0.10259851813307957,0.1030619831283964,0.07899615127925737,0.0747790319317413,0.05950985844405478,0.044913148002996714,0.032505188288159556,0.02885309378315436
BeastieBoys\06 Pass the Mic.mp3,-17.009334,10063.667997476809,0.01647027877567678,3.3216463547947717,0.017838035676071354,3189.7361601545276,-0.23545166821380392,7.140862755590524,-17.009333999999996,9218.100367549416,0.009797817472333116,3.4496647368652598,0.13990679813596416,6406.139338182497,0.05877128673209457,4.467187209144769,-17.009333999999978,4406.785668392936,0.012345277935220922,4.094199589197562,-0.83472494498899,8640.66404892712,0.007132820391418281,4.158118113294418,-17.009334000000003,292.63575469270745,-0.023528970383278162,4.743320541118405,0.15787575150300823,497.4638281665883,0.2396781269366658,4.997069724418784,0.40204080775501594,0.18060546143831338,0.08977592766455611,0.09399510400396184,0.05704318015021065,0.048958076530242964,0.03758960054270257,0.03701087896552471,0.03012251377871801,0.022858449170753494
BeastieBoys\07 An Open Letter to NYC.mp3,-4.50417,8448.318815552275,0.04861403754846138,4.501194709309815,0.02889205778411557,3091.2513911585343,0.08998821583303358,7.898258405178804,-4.504170000000001,7807.126239440247,0.055425931110046296,5.0339058360247275,0.2158503170063433,4650.925072211411,-0.004322522199471895,5.905048233091968,-4.504170000000002,3490.791291800888,0.24479443330921288,6.4743692762432214,-0.8669153830766146,6396.351497341652,0.1805126786784587,6.616763132901708,-4.504170000000002,290.6701179717604,-0.6642672748981682,6.610078665752029,-0.3929999999999997,501.197655268823,0.04376654217686273,6.368896456851468,0.3566373156174812,0.18353098761408665,0.0809305996950334,0.06739517807551558,0.06622338702457567,0.06397779683241034,0.0495550025807644,0.0494829276202146,0.04127582829719314,0.0409909766427253
BeastieBoys\08 Root Down.mp3,-53.633542,8505.341139849153,-0.04971853168237117,4.375760224368651,-0.0007000014000028,3934.5519789437353,0.08875615130411857,10.189888178639404,-53.633542,7200.975835040827,-0.08145014048449196,4.747847995771249,0.11413628272565113,7139.065377209637,0.06359286966118315,5.268476731636865,-53.63354199999999,1672.2707270776925,-0.10979686341182057,4.44768298470694,0.29363872774555233,2978.1959927960893,0.05822175245225255,4.152730474580203,-53.633542,168.93307314227204,-0.24591045659079414,4.704496112132005,0.5931843687374773,293.7638646049192,0.1894043292954641,4.90839439573344,0.3825041813115817,0.1691612778884028,0.08029566762439332,0.07819938537227655,0.07301710320045796,0.06101629436364008,0.05470750821523977,0.042394734852257775,0.03219721860938523,0.02650662856236464
BeastieBoys\09 Shake Your Rump.mp3,-234.882248,8717.244543297755,-0.250681655813304,5.766603567876642,0.013784027568055137,3227.622938362792,0.1756105748520149,11.546645459729445,-234.88224799999998,7990.609131592539,-0.3283076447864028,6.737209229575803,0.12438648772975736,5476.991518881171,0.04334945306680711,7.744031230301218,-234.882248,3379.4778898535533,-0.45073391754940856,6.489863519481818,0.19946589317862776,6239.291151536266,0.10536846540868428,6.24550621750392,-234.88224800000003,231.17666614633598,-0.11636161317116772,6.178443915412241,0.2809719438877768,386.69201717340184,0.14469337216927525,7.76779888850252,0.40644209112005497,0.1338961668885399,0.10032476212444923,0.08175999941144946,0.06216433141577909,0.059217851388962635,0.049446251797178244,0.04005600471745452,0.03786869064315455,0.02882385049297725
BeastieBoys\10 Intergalactic.mp3,-20.106054,10443.37216204893,0.057547547134621686,3.3184985464750647,0.009466018932037863,4273.625749619928,-0.06752427768446789,6.61700111046184,-20.106054000000015,9687.1299083966,0.06342696229547042,3.5773978167353495,0.046972939458796166,5753.757084477492,-0.09476619620620516,6.919565113481445,-20.106053999999993,5837.830491875526,0.05370923238251392,3.6518859781265,-0.07236647329465025,11318.121212120388,-0.019715705255451264,3.662940526453597,-20.106054000000004,441.20448572865973,0.34098645736298094,3.663177563330916,0.009230460921845728,706.1062608416162,0.10486686387815894,3.759222933346253,0.334485396265755,0.1185357500351968,0.09091729533705531,0.08124965881401708,0.08988574559624772,0.07556815298726542,0.06030366930777378,0.055997112421192465,0.046845086436101094,0.046212132799395435
BeastieBoys\11 Sure Shot.mp3,-102.624768,10303.564244961493,0.03912846789546793,4.307931219888227,-0.02748005496010992,4104.356814366724,0.014230995328357508,8.188361560652478,-102.624768,9109.341024437485,0.05231406987359476,5.042553985175992,-0.03926478529570684,7155.225332139204,-0.08745501048194973,6.021476926210895,-102.62476799999999,3663.5055763906335,-0.07459059292550362,8.473762616510761,-0.6102340468093695,6869.679523892841,-0.0633037980234389,8.503829467630199,-102.624768,316.1946183378936,-1.2333376665851494,8.225822014107806,0.15767334669338853,510.644347465663,-0.18782909186087504,6.817658874127259,0.37070038926674936,0.18290364403537196,0.08939493122947147,0.07866843494831872,0.05846515013580075,0.060176548888010266,0.047462732122787385,0.04419323010771478,0.0365949498793246,0.031439989386450505
BeastieBoys\12 Body Movin' (Fatboy Slim Remix).mp3,-17.696634,8347.476675639355,0.02869622497987222,3.0705909083690384,0.018604037208074416,4082.8717750115243,0.05163144822910698,4.446533491284789,-17.696634,6929.541616087089,0.02121186387971015,3.396308110945763,-0.012510250204998644,6251.963653854546,0.03855192792052078,3.336916775920475,-17.696634000000003,2173.374078361323,0.03542362229421437,3.8782679613162645,-0.02560312062412815,3825.319106371005,0.035265931284491576,4.09242254388582,-17.696634,230.67972513375346,0.06922852346118225,3.3243492871460454,0.548430861723449,397.22991866148294,-0.08093014709095814,3.612251946204058,0.3569955760200471,0.17683312055367348,0.10076551522799629,0.09159829149755627,0.07333889572196604,0.05833405703070585,0.03995349748576432,0.036658843932294925,0.031602221456224024,0.0339199810737718
BeastieBoys\13 Triple Trouble.mp3,545.336354,9267.45264545765,0.1395691225095815,4.9698588193397795,-0.02772005544011088,3908.8594840286255,-0.0062694000621973025,8.290107685337224,545.336354,8227.035558189364,0.20604155428695178,5.98031807979499,-0.0033100662013270826,5888.675125942611,-0.026443421944657142,5.098897306639337,545.336354,4498.500739590635,0.7895766897865246,9.13303251743482,-0.008361672334523102,8256.15020229702,-0.045864793864673924,9.129671699594752,545.336354,1065.9497947838918,2.174865240354708,7.156325475533077,0.22905410821643202,776.2778191047914,-0.08805211317664083,8.057789375806603,0.36510043707720014,0.177834322813081,0.08809905643826975,0.07418750326029801,0.07016976003667201,0.06286575257024404,0.05112091657682183,0.04722176175864798,0.03494298826471382,0.02845750120405147
BeastieBoys\14 Sabotage.mp3,-85.52933,10477.365025227848,0.01571684182424651,3.189364000330972,-0.027278054556109113,4977.822764677832,-0.0736871277713815,5.19446307203614,-85.52933,8765.641730274558,0.03890362460692663,3.2825260799178286,0.0663673273465471,7420.751718158189,0.06530983180484118,3.6667673092824606,-85.52933,2807.5550008754826,-0.11390602996184714,4.644485654353967,0.30263852770553906,5369.032044970944,0.013253660638646077,4.2649977950297835,-85.52932999999999,257.67497058978995,0.06305742120483514,3.2871095083967643,0.8181482965931857,418.2868323634146,0.022882940044551138,3.1917963606082895,0.3269383383592635,0.16545012807264883,0.1517010307780382,0.09316660792523533,0.060372683709665316,0.058821134822635936,0.04574866012248546,0.03765217009661748,0.03156490934605814,0.028584336767351885
BeastieBoys\15 Fight for Your Right.mp3,6.104838,8962.081892173883,-0.037934602062331714,3.9443206305689595,-0.01935203870407741,5438.3771840907,-0.04530898331015322,6.010349663562084,6.104838000000002,7514.36896310744,-0.04914300816701298,4.701673855516172,-0.2303526070521455,6429.7707911176785,-0.020176186727797512,4.041189915762274,6.104838000000002,2811.769089548424,0.08760039906054,11.914299963418445,-1.2533646729345944,5308.7177033003845,-0.0010308089356393833,12.57158367995358,6.104838000000002,258.03166613864227,0.31095714446911293,5.329157270061996,-1.0141382765531064,445.42519185632887,0.16920709794013591,5.2815899278245535,0.2848023448862212,0.14342704258695674,0.08258062045053163,0.07399535202487136,0.08812302430619154,0.08522334474618976,0.07558054280402318,0.06434929737576185,0.05572742888681205,0.04619100193244091
Garrett\01 Smooth Criminal 1.mp3,-1.367512,7604.530630476736,-0.023914859449120474,4.293370426520558,-0.003622007244014488,5006.135427516591,-0.009101153174455546,6.018349544156431,-1.3675119999999943,6097.947564707959,-0.0489497871425301,5.340131629413033,-0.14800296005920457,5938.676068666831,0.0033767318135800835,4.279573344967424,-1.367512000000004,1763.6392368883185,0.26375987719479693,13.238204078984193,1.2350510102020391,3177.2566095817783,-0.21092187427140985,13.694056338855674,-1.3675120000000023,167.9893206320981,-0.330492447293752,6.470591078066815,0.6235030060120299,288.5019770847978,-0.20486053005592442,6.484299947615284,0.3276099828449938,0.13391972980767408,0.08097869090631662,0.0691162311453572,0.07856279071657334,0.07034301936970767,0.06965665545592173,0.08120406855708404,0.05321471357657618,0.035394117619795294
Garrett\02 Who Wants to Live Forever_ 1.mp3,-0.122978,5482.776970865258,0.010148821559970074,4.177509332699988,0.014852029704059409,3286.615210623005,-0.039456636672598244,6.069996448232956,-0.12297800000000085,4185.420734412851,0.019800399835848585,4.4486824986795765,0.10532410648212351,5244.958853115462,0.011982465984330148,4.423425118921386,-0.12297800000000048,909.9792967495642,0.060821581600438795,12.466305610667057,-0.48053610722144563,1567.935142538783,-0.00010975432736666304,17.761981689065518,-0.12297799999999921,91.10082814449886,0.4119892994031158,5.602378466023041,-0.051699398797596906,155.3192521602427,-0.31057628650256286,5.449532271423497,0.3052426852448702,0.14756773721884053,0.10791437428720246,0.09239345955356795,0.06407002016103026,0.06472413135876884,0.052873534280456304,0.07659151123593626,0.048039921747132244,0.04058262491219528
Garrett\03 Clair de Lune 1.mp3,-0.60798,3943.241611643943,0.008506937488233621,3.380625859385604,-0.023704047408094817,2761.7182310223643,-0.03142197795833422,5.082416697319465,-0.6079800000000016,2741.4862716967814,0.02038649709427472,3.2980638156574407,-0.11487429748595064,3681.308410002394,0.004793316771331796,3.1119970595868076,-0.6079800000000002,452.65532635699714,-0.07302500153710938,12.696338334265855,0.3710862172434482,806.8578640879746,0.0143859773306653,15.35347613647002,-0.6079800000000002,43.86550094568168,-0.007657272651776095,3.2537596061948872,0.12035270541082192,74.370407633379,-0.1361802897621397,3.121422693051046,0.24955375003237926,0.17480571166861608,0.12313194403603245,0.06030614813363524,0.07928564834774646,0.0868524361452732,0.09647557284883097,0.061669006108334756,0.04759177005240988,0.020328012626741398
Garrett\04 He's a Pirate (Pirates of the Car 1.mp3,-0.099872,7201.019419850885,0.003557706722680732,4.063192629443323,0.009206018412036825,4105.902852314667,-0.00875946370885234,9.204272922747792,-0.09987200000000153,5497.484296633868,0.0013890208961954355,3.990486588130485,-0.0336506730134605,6450.976374748338,-0.036909059371815496,5.005453350686347,-0.09987200000000117,1505.451801205347,0.03556213978654185,4.780510755235416,-0.2196399279855924,2618.7736500685446,-0.07364161211426115,4.790359815863883,-0.09987200000000104,134.9561997825799,-0.06197378602707662,3.4822963827938027,-0.07345891783567227,237.53147553508686,0.0952168964933395,3.5587513080808217,0.33895851250100534,0.1822462484572431,0.09752985057869584,0.06499574802779684,0.07026367872926355,0.06415343170983168,0.061326354593739876,0.06255873206229773,0.03577039192930604,0.0221970514108203
Garrett\05 Summertime 1.mp3,-0.105364,4676.624856042916,0.04426287453069836,3.8786414426424676,3.2000064000128e-05,2460.8225345512205,-0.039254492025058735,4.727771176345606,-0.10536400000000183,3514.619658508788,0.03047968783806523,4.346427817081426,0.023096461929236024,4435.383508510207,-0.045657121672565436,4.707778164160302,-0.1053639999999999,850.1549475123153,-0.003241381823825721,8.138095404728736,-0.019209841968393968,1443.4431429468152,-0.2123090345623408,9.83325179631215,-0.10536400000000003,90.41852100300858,-0.12068452865707535,4.837276654834583,0.34888376753507044,160.8926477787753,-0.12199801167278097,5.058695279742461,0.33017556864815906,0.19120648066092116,0.11955131547486993,0.06726350619595879,0.05765122824241208,0.04732447284981081,0.04975551076823556,0.06415114328281935,0.04011302806603825,0.03280774581077486
Garrett\06 Brahms Hungarian Dance No. 5 1.mp3,-0.081746,5727.257093336007,0.08117323562640119,4.571815929075505,0.018946037892075784,2694.3569102643705,0.04886574316861582,7.107681026063008,-0.08174600000000229,4719.275839617747,0.08246764840857196,4.741833673547278,0.054903098061965576,5363.203351045828,-0.0038001357860618272,5.751506670933743,-0.0817460000000001,917.0149442254752,-0.07283441565308889,6.923071821540579,-0.056375275055016674,1398.5324688018804,-0.16564863777928815,6.861143025888782,-0.08174599999999961,116.88609551999538,-0.3177807280240566,5.880591180890032,0.18252104208416864,209.31270292052713,-0.11367666941515268,6.248158912154683,0.3830793317590797,0.16115844454586778,0.08006100771110308,0.06923397083773604,0.07403116914691295,0.05303320877464887,0.05167403434641335,0.06553730517819295,0.0420007761668266,0.020190751533218892
Garrett\07 Chelsea Girl 1.mp3,-0.56354,5036.527481861553,0.035859686023053595,4.50098832016527,0.008164016328032656,2278.9705531969726,0.06962773136482887,6.509721126842408,-0.5635400000000034,3591.2599064383894,0.02426129316042173,4.848231623624174,0.00016000320006479257,5101.833159758301,-0.015180593949338895,6.046165336651994,-0.5635399999999998,592.1474557097653,-0.13446372592424985,5.755623213628991,-0.17015003000600315,890.1481101116289,0.17983364621490025,5.516145891661899,-0.5635399999999998,72.353977482267,-0.19389899859784512,5.350144847974473,-0.19268937875751518,122.9480373533298,0.0978777228347383,5.594332966418487,0.325912708944087,0.2602918972406041,0.13215300820974402,0.048545423773140646,0.05528192769909524,0.03998936514880966,0.05380579345595222,0.04287672330217811,0.025833877114497816,0.015309275111890865
Garrett\08 Summer 1.mp3,-0.425408,9208.2920581161,-0.014332898587602717,3.3389205489520664,-0.012608025216050433,6248.918995781772,0.009938178860292805,4.102385735672849,-0.42540799999999973,7269.513675858518,-0.008763106836552676,3.971964553476776,-0.041832836656730064,8266.473917180632,-0.01549404333195229,3.487223318721071,-0.42540800000000006,2081.3274172307715,0.07292298484332208,8.274894192039065,-0.24559911982396487,3728.23660021718,-0.122764787521488,9.04642877369058,-0.4254079999999998,183.98698210320623,0.09334467139810049,5.1083196844407155,-0.08855511022043967,311.5282324732934,-0.016506389205217374,5.6708401055794,0.3421302186259161,0.13554234249079378,0.05897171355632755,0.05575612656251219,0.07797154551576123,0.05896306143009925,0.06672482318646582,0.08835576384745174,0.06864912641203101,0.046935278372641005
Garrett\09 O Mio Babbino Caro 1.mp3,-0.48724,6219.36553459251,0.008807215241109946,3.585691994512816,-0.013948027896055792,4338.293294377279,-0.028493449324683364,4.593093119751609,-0.4872400000000013,4298.854651499906,0.02301848948318814,3.6470094007640252,-0.13257065141302785,5978.322326771602,-0.0327584051145885,3.874823667363587,-0.4872400000000002,1072.5817083016018,0.005219017659499136,3.741604438979855,0.02062612522504385,1988.5157566466287,-0.0008782564404373296,3.7559014998386657,-0.4872400000000006,79.10564217292216,-0.14563027528975372,4.346828031345243,0.06252505010020026,132.85107998262558,0.11326515669129839,4.591399841373757,0.26386498560803473,0.1760579166942842,0.10558891022697149,0.06524261501653779,0.09315674816373894,0.06583469464279404,0.07745198056615764,0.08297410402183933,0.03691996821236068,0.03290807684728149
Garrett\10 Air.mp3,0.437886,6521.646272400999,-0.01799083455979253,3.878410256597653,0.007834015668031337,2868.2186153898165,-0.09035027259340048,4.992553772812311,0.4378859999999963,5425.798112976196,-0.021669427927889836,4.655021593489324,-0.07112342246844448,5345.856182928898,0.006351005618331679,3.7403916701334037,0.4378859999999986,1716.7935449628387,-0.5201930566037253,12.750920506483643,1.406001200240053,3120.2917597974656,-0.15572628173890224,12.960550712155053,0.43788599999999905,255.4017188195119,-0.25183199430760456,4.727429408297049,1.2509398797595215,443.6422700785773,-0.7052317796097393,4.6896191940862915,0.35159701286596007,0.19642378082428344,0.09917981460943633,0.06937344039258066,0.06727702340412901,0.05455050243111128,0.055247907857467735,0.05584853175063706,0.03189008384474275,0.018611902019651773
Garrett\11 Thunderstruck.mp3,0.596214,6995.749871313786,-0.0005080606836088237,4.878846544899509,-0.01241002482004964,4389.1352148062,-0.02632094479894947,4.962703370694442,0.5962139999999952,5504.71647308559,0.027939205993241425,6.426439338271614,-0.017036340726817343,4821.72679917445,0.011235817227572548,6.1168556025152645,0.5962139999999992,1705.9379446749656,0.12155809833920071,7.50469226566983,0.3809441888377848,3039.7522115239262,-0.09954506197103834,8.11136696348803,0.5962139999999987,160.87886819996032,-0.06384736650136176,6.662180608401582,-0.8881182364729487,264.0156920994917,-0.1353012090518634,7.363887183828207,0.30388920587644735,0.15361549390123014,0.12498654382664083,0.06579701503989033,0.06421832004145196,0.07285846788268739,0.06906128744312832,0.06790278020325981,0.04573609841252533,0.03193478737273829
Garrett\12 New Day.mp3,-0.19611,4199.493267694434,0.03603288177369682,4.476106410273097,0.011248022496044991,2412.1188248856924,0.0023481218594795456,5.515244967727113,-0.196109999999996,3117.252003576334,0.08639716799526923,5.324291423308785,0.0543490869817397,3615.5680006635725,-0.019671830737776407,4.427176245067408,-0.19611000000000073,783.8781456346182,0.11147011830022986,13.800313175359944,-0.04255651130225847,1373.9052236334248,-0.4325123320422237,14.89162513684053,-0.19610999999999998,78.87634725225237,-0.14040244756832632,6.066804662392654,0.5471322645290578,135.19812679237415,-0.09516457567040043,6.127485789885283,0.31215275415475746,0.1951378986853101,0.09767326555672513,0.06886577293459792,0.06518584532605769,0.05850219136906191,0.07593257211011965,0.064056354640131,0.03793109035648275,0.024562254866756675
Garrett\13 Ain't No Sunshine.mp3,0.454696,6970.013238477783,-0.00473235105816023,3.403172430899942,0.008530017060034121,3315.41355196773,-0.16841705388105785,6.09621621744086,0.45469599999999993,5871.016117882556,-0.032769384116989944,3.3307101046801653,0.14570091401828353,4864.764991853562,0.05349568739515142,3.7837213160518224,0.45469599999999316,2314.7105671261597,0.019540817114599558,4.038096616228982,0.2814362872574692,4347.618558586046,0.07680672142415025,4.254320222343182,0.45469600000000193,183.396961211923,-0.0017697963341087278,2.9679995810810493,0.3424689378757491,306.9686844018708,0.07498889464656529,3.053697399163552,0.35213618055468865,0.1752758769759869,0.10271286816692698,0.06851407167497559,0.06051991448776609,0.06374738438739072,0.06656345414282559,0.05932327652396674,0.02944601789573013,0.021760955189742404
Garrett\14 Rock Prelude.mp3,-0.98426,6032.764505527151,0.08093950984467874,5.1903323453446575,-0.005938011876023752,3631.0788856017,0.013842909609841577,7.1526830831275,-0.9842600000000035,4951.01721912092,0.12919027737752267,5.783432768164922,-0.03737474749495311,5581.493955671124,0.001406374466653567,4.856380190714139,-0.9842600000000015,1202.7488850079108,-0.06627389788372706,17.38951752935573,0.05583916783356575,2175.500294899634,-0.38959562149029603,18.192916936522792,-0.98426,115.79369564502377,-0.4866708368568648,10.205840149887734,0.34789979959919926,198.34981932025735,-0.722209685941299,10.166193157668664,0.36655912428587273,0.1271412248723464,0.06481261789620925,0.0641082335917437,0.07136834838186641,0.0641460207264525,0.06346023186304224,0.08504350540297125,0.05225573891234889,0.04110495406714683
Garrett\15 Winter Lullaby.mp3,-0.251764,2946.6835800524777,0.022248101682609454,3.869333132362059,-0.000976001952003904,1533.0466069297584,-0.008530403548555877,5.278396177613113,-0.2517639999999976,2169.552270240219,0.018140428385801786,3.8563640087668327,0.031006620132402442,3025.0954974721353,-0.02319149467309039,4.249285124108362,-0.2517639999999999,371.92924199337745,0.007195862315686564,5.943621111934396,0.06780956191238227,605.7759269454971,-0.021017609367447253,6.7767941471456075,-0.25176399999999993,41.28382113477753,0.03246159895516343,3.6883525248910134,0.010024048096193117,70.03532431245337,0.04673137229882361,3.786803986396579,0.33516095747262187,0.19623686397157372,0.1104537596643837,0.06562334738535879,0.07872874350537319,0.05333470901169931,0.05976701103826222,0.05200359775338719,0.031405268395711665,0.017285741801628167
Garrett\16 Little Wing.mp3,-0.310934,5615.074913762597,-0.009978045360782043,3.4048728303267923,0.013192026384052768,5011.991387691454,-0.0016234835936445287,3.8270648666572864,-0.31093399999999305,3908.191440699578,-0.024762677868072028,3.623662138248502,0.03203864077281177,4600.680458073533,-0.02887121872065108,3.556534002312691,-0.3109340000000001,620.2660229578496,0.036884535013459736,6.069225716446457,0.3032286457291475,1028.5935284264829,-0.07142953076976949,6.252506143971438,-0.31093400000000027,71.83937533440589,0.09399411324025563,3.3774911036784556,0.036476953907815,125.18307917708961,-0.15251516322905637,3.3894707120321077,0.2387379166576635,0.11712678548910756,0.0819441970767669,0.073923788735089,0.10184854030275514,0.10190351412506171,0.08943474778327647,0.09083553788050983,0.05540491639972393,0.048840055550046016
LanaDelRey\01 Born to Die.mp3,12.617332,8043.235969450926,-0.11094879033858704,3.8083872196198034,0.001792003584007168,3688.6736606893724,-0.021222536209159638,5.9844900342499745,12.617332000000005,6330.921274201094,-0.030544798953569256,4.327887254606526,-0.16271925438507978,6686.123153029633,0.15482294219309914,3.809149498933065,12.617331999999998,2448.1748035272813,-0.01282082683053682,5.82396740816443,-0.8977095419083859,4558.514924698059,0.04399634542521008,6.196798899177696,12.617332000000001,203.99067700677344,0.2542278966895923,4.325744581566105,-0.5256272545090208,344.18088738498477,0.09144932199515303,4.429440262375199,0.3374332383032971,0.22395823230312906,0.11479979665061511,0.09831764577585173,0.05738544865660148,0.04682373072115003,0.03840365459218848,0.031434333038519696,0.028183682489196154,0.023260237469451283
LanaDelRey\02 Off to the Races.mp3,-3.5789,9890.711717912256,0.012776268433835006,2.8888918551047222,-0.006504013008026016,4648.9537812544695,-0.12270336143911247,5.7899851913522395,-3.578900000000008,8354.279637824293,0.005889246196727491,2.944859493371582,-0.13033460669212654,6839.875205922392,-0.016242167826736202,4.096536472563731,-3.578900000000009,4066.7220962736696,-0.004299190733848892,2.800030002597357,-2.0541768353670826,7422.276585376912,-0.01969425281235225,2.8365737910623046,-3.5789000000000017,322.11433422117375,-0.006196420820342541,3.8416109675997903,-0.9015270541082159,525.7036114117416,-0.19088239278149474,4.230510117575512,0.33359775568676686,0.17616287616964796,0.116470320919446,0.08573654287133264,0.06768281257866281,0.05736151120409713,0.05382329595209,0.04982286305201234,0.033746978847847366,0.025595042718096806
LanaDelRey\03 Blue Jeans (Remastered).mp3,2.988516,8494.722283278017,-0.003006742506548252,3.482728413548132,-0.009104018208036416,4680.582115574407,0.08313239965946628,5.613123003882353,2.9885160000000015,6050.835159904534,0.020044537438727382,3.912868787899895,-0.07190743814876012,7416.699873988675,0.07422008853947952,3.5776345821501803,2.988516000000002,1627.8723977089353,0.22224547532681374,6.426505282735368,-0.35682536507301077,2950.5640159777417,0.022299976529898444,6.516255715784287,2.988515999999999,142.69871720978344,-0.12257952021505591,5.198299358792677,-0.33447695390781995,241.25669875571535,0.0802539231575653,6.13556187666284,0.2930055391589643,0.23458047076575858,0.11424252618374471,0.08353324861870678,0.05744858164544085,0.04523001346397052,0.057655941507835935,0.05625227325724015,0.030727284723395587,0.02732412067494239
LanaDelRey\04 Video Games (Remastered).mp3,5.22601,6199.877681700622,-0.2838977963240117,4.143977000827633,0.02394804789609579,2482.7078588491067,0.7960908014966296,15.935577602628676,5.226010000000002,4873.629172709931,-0.16934362851523385,4.0830140667765775,0.022760455209097925,6242.855484344863,0.03760465181556188,3.4779835952593134,5.22601,823.483101843031,0.09656042072079184,9.611177382968055,-0.29427885577115387,1390.735275054592,-0.016888418140671102,11.669451329949457,5.2260100000000005,88.82518481544466,-0.38230039342518835,10.172861290695396,-0.12161723446893807,148.87788457786652,-0.056665423715631144,9.502261891859039,0.37554217775086013,0.2375203280689939,0.11911657644946769,0.0712475800620278,0.04396503649570262,0.03749053720149133,0.03218915209202165,0.023304100192763744,0.035614732425265146,0.024009779261406048
LanaDelRey\05 Diet Mountain Dew.mp3,6.771918,9335.719725114537,-0.035981195669287175,3.4557884386279065,0.05873611747223494,4051.6321713408997,-0.048696125887132416,5.228681088902831,6.771918000000007,7773.6498364691215,0.023286721235710465,4.017542263301509,0.422328446568925,8633.459687284912,0.06654221386183129,3.7881848399405,6.771918000000002,1734.609721432052,-0.12131634120740475,7.161276461988649,-0.2979615923184648,3106.9586910961693,0.08431509311796419,7.473582791423481,6.771917999999999,179.49285173891263,0.3462066596161084,5.078250636057244,0.2762404809619251,301.5543880797668,-0.0031787924901216717,5.037878902802211,0.3934111578039704,0.1775366544713093,0.09383442877694717,0.07989492355447907,0.06551529114880418,0.047875505791500066,0.04759647303924813,0.03439235693925672,0.030789107112634398,0.02915410136185052
LanaDelRey\06 National Anthem.mp3,-4.95372,10295.107746514468,0.02470797729041847,3.1212947197013983,0.009698019396038792,4857.735814433144,0.016366635832607716,4.885450892639791,-4.953719999999998,7934.9288840714735,-0.030263670051520343,3.8780950999714947,0.0580931618632392,9436.458374447773,-0.03397118370109158,4.248113311692942,-4.953719999999998,2508.515839551244,0.1734778121172496,13.449544575033265,-0.7448049609921766,4755.370743341373,0.018446877441797946,14.050648897765152,-4.953720000000001,222.37257583482184,0.24954364562577266,5.691244550659842,-0.6255370741482994,381.7186940534297,-0.15057903717515905,5.649507306471397,0.33157599474775185,0.21077440837042283,0.13590412465174462,0.09926862162867812,0.06240541835401414,0.046654207500202036,0.04190442500840901,0.029649153803772796,0.022861422249542865,0.01900222368546181
LanaDelRey\07 Dark Paradise.mp3,-4.208646,7797.769140111091,0.0860718562005389,3.679010986069312,-0.018442036884073768,3206.4148361367866,0.09678969524902722,5.704495165749338,-4.208645999999997,6672.473530402188,0.016684740224230065,4.171480240203148,-0.05666113322265949,5420.3711897342855,0.043995371486959534,3.8568310754791946,-4.208646000000004,3894.40291416016,-0.02242172442218646,3.8546580424472934,1.1575795159032072,7686.263981315677,0.01296138709899009,3.857017193402919,-4.208645999999999,212.03369547279198,-0.30912790442633753,4.486196093042453,0.6184709418837716,307.050760175978,-0.06204611863796727,3.933490103063491,0.3279856893912141,0.20733209420693174,0.1189994578911893,0.08083203536722593,0.06138473740309928,0.04805719275134044,0.03867437102983035,0.0341428617107242,0.042664397651727075,0.03992716259671773
LanaDelRey\08 Radio.mp3,-14.894286,9774.717978671639,0.04781230218450096,2.9411809593938503,-0.037236074472148946,4785.14401847092,-0.019260202104025462,4.746055630909178,-14.894286000000001,7798.04487870889,0.036570738142236714,3.31280439047242,0.19436388727774578,8718.526869102026,0.025851128542631805,3.2967231750338364,-14.894285999999992,2792.997336624511,0.2136337918944433,7.923932049440363,0.7443508701740279,5290.608936337074,-0.01833727384874312,8.3483776234694,-14.894286000000005,305.98725509079657,0.338403761985768,4.333236060860751,0.720521042084166,561.1446768101198,0.10755470482300758,4.4947396419337124,0.34471642082590825,0.1931347673997755,0.10667014985027526,0.08062189464316122,0.0674424119184758,0.05619949700181369,0.0474788471523825,0.04180272690382537,0.03274175371419811,0.029191530590184093
LanaDelRey\09 Carmen.mp3,3.805562,8578.379153398377,-0.0432352527233972,3.420660068971449,-0.009044018088036176,2912.8402243436817,0.042990304670542656,5.394114774248383,3.8055619999999983,7580.392743283903,-0.041138933835509234,3.4797224323099156,-0.02073241464829239,5533.8217808057225,-0.05402976651913432,5.325341615590734,3.805562000000012,4349.3418368152725,0.27003457271690834,2.86039945102127,0.01757351470293511,7665.767971422952,-0.18593752510031952,2.888831809132904,3.8055620000000028,343.4618627230659,0.7570631015315553,3.6535111077610507,0.06737074148296808,617.286096238741,-0.08002551916857908,3.379397763937906,0.3693270531000635,0.20810505058420617,0.12960843733962366,0.0885437223036881,0.05478686816013112,0.036904435297291066,0.03740543991780116,0.028721192642176235,0.026518154361962372,0.02007964629305699
LanaDelRey\10 Million Dollar Man.mp3,16.430688,9124.33833891049,-0.08056981306732879,3.2549378609794446,-0.059764119528239054,4630.775121093736,0.1051201289339976,5.1945807633886565,16.430687999999996,6413.81672090563,0.025304428563890754,3.730251944849227,-0.19445588911777797,7738.4302951457485,0.16644274609709184,3.4169595604178666,16.430688000000007,2137.886519787972,-0.04867718675023365,9.49248939995694,0.01787557511502294,4021.892059317665,-0.003912075462401246,10.642922781824483,16.430688,171.2182676823903,0.05489868689715641,4.9111741537087115,-0.8599759519038069,281.14744436602393,-0.05558937321241126,5.162849573181719,0.2999147464290536,0.25711518818154844,0.11861324346396337,0.08692664522065194,0.06629100194170966,0.05212345616148719,0.043167761298901965,0.028120200740965905,0.027855004986728275,0.01987275157498982
LanaDelRey\11 Summertime Sadness.mp3,1.006466,6940.21067956616,-0.06605852417720302,4.285792196742727,-0.040216080432160864,3532.7161141983884,-0.2111387986938346,6.671786393133896,1.00646599999999,5334.661942801136,-0.005799260028614735,5.337679892047993,-0.06725934518690378,5312.090106384834,-0.1304900998621703,4.375259755465773,1.0064660000000014,1918.5069466218388,-0.05661669326464204,8.260041977988251,1.1998259651930383,3593.8287244831486,-0.04716582398204912,8.462942630697713,1.006466,170.99462365784734,-0.43338817804104085,7.387670621422539,0.4297034068136264,298.8455089716445,-0.16875975403797655,7.248315400217551,0.3005242924293604,0.22781590406239513,0.1192764950502102,0.08911174564185088,0.06322551129681045,0.04801396076214413,0.04671326870301631,0.03702581267454076,0.03814493426114182,0.030148075118529398
LanaDelRey\12 This Is What Makes Us Girls.mp3,0.179464,8678.346896906154,-0.006843878261706575,3.470547446714272,-0.005006010012020024,3979.8368259981794,-0.07170210599688256,5.921456669927266,0.1794640000000042,7094.038555425356,0.07422548964955686,4.205915324966804,-0.03717674353487714,6441.636507954041,-0.05671684318362084,4.268360526719943,0.1794639999999973,2641.337773255089,-0.06515574713677268,5.917475753173024,-0.2640408081616263,4860.1385089680425,0.009967121594979244,6.409025790919858,0.17946399999999926,210.22357092454857,0.08956792644398946,4.368812667036761,-0.3033867735470936,348.6934563108702,0.07968371979059305,4.60878949530804,0.33130338066076187,0.1875992495323971,0.1399238246119498,0.09153383622348468,0.0635501232649729,0.050319414906207595,0.0429375863530415,0.03526939608950708,0.03041423295426267,0.02714895540341478
RageAgainstTheMachine\01 Bombtrack.mp3,-0.752514,6559.182519062317,-0.0023240561423865437,4.114938372398784,0.012156024312048624,3852.7271823524848,0.07678394182217359,5.541314913317363,-0.7525140000000053,5010.336538884836,-0.03870347944781715,5.231382150130354,0.06918338366767658,4390.091428795376,0.09015281984806292,4.867447355251805,-0.7525139999999964,1794.0113139444634,0.027084372187923002,8.657371212419267,-0.4899899979996036,3364.7971550008656,0.010360367001783258,8.893296512294508,-0.7525139999999992,168.83993396514288,-0.10417931318871876,4.474997191685887,-0.3997434869739508,290.5772234727778,-0.02300648410306175,4.37769908849104,0.2945268202820096,0.1684263456450887,0.15941745764244586,0.07660834205123011,0.06926703661006729,0.06056754346378528,0.052104172649433136,0.04288515612322069,0.03938690835041844,0.03681021718230096
RageAgainstTheMachine\02 Killing In the Name.mp3,-3.449766,6494.460618841612,0.06126756482352216,4.410223776310604,0.008318016636033272,4503.672451382749,0.10072003659331058,6.415722408966863,-3.4497659999999972,5116.071941369076,0.0208420872774586,5.080186500549196,-0.06239324786495329,4866.408582425337,0.0071501478122148725,5.269492404538121,-3.4497660000000034,1550.1197853355995,0.25390375647056773,8.604372012614254,-0.7894078815763118,2845.774668112355,-0.10094494325444506,9.590998047454013,-3.449766,145.05921930450074,-0.21579277244967845,5.094913959406045,-1.1240921843687408,248.86066567752815,-0.26983574137579175,5.010132055093934,0.3033311796748647,0.13124155563013074,0.08818171810254984,0.08127964731642387,0.0908571892854835,0.0840352020780243,0.06800997249349455,0.057096513013757774,0.04967451309780526,0.04629250930746558
RageAgainstTheMachine\03 Take the Power Back.mp3,-0.953756,6498.75308000154,0.002062108856682893,5.470976053169909,-0.0012000024000048,4056.313341167125,-0.08973623600536686,6.296205408957275,-0.9537559999999983,5087.265078749395,0.07393498488353478,8.39963777120572,-0.09618192363847163,4520.93036194007,0.06909804917796714,6.2159730688767585,-0.9537560000000042,2011.8846824719185,0.11975826830176711,12.491463178839494,-0.6206081216243222,3781.4080410293604,-0.036595749924387855,12.81502713664185,-0.9537559999999998,166.6783122456562,-0.19810586862463023,6.797954340806663,-0.24075951903807413,288.88624657054464,-0.2090548297417655,6.785337513568984,0.2985029104792573,0.1494757651315603,0.11868711999459912,0.09452354869164056,0.08920562334767769,0.07363203974254201,0.05247140520734436,0.04523653198083808,0.042761340655139445,0.03550371476940117
RageAgainstTheMachine\04 Settle for Nothing.mp3,1.037756,5149.359278647245,-0.08235810681277385,5.890386018633253,-0.011746023492046984,3433.3516857886298,0.014405902559667564,7.190623447025375,1.0377560000000003,3932.7835805155214,-0.22837923384713416,7.591852830543482,-0.1127122542450833,3366.357188124273,-0.03126399700280954,7.6624821140722545,1.037756,1574.0581599453828,-0.010550431009000693,8.326413735254604,0.3749069813962879,3027.8708559306133,0.07033248846832887,8.200121967508618,1.037756,125.29116287366983,0.1977343614630879,5.376931741984077,0.3337635270541081,216.38779300620538,-0.2635883543570248,5.300227548019714,0.27257400534821735,0.16676179827830878,0.11395854518925373,0.09206707849840756,0.08638261032957507,0.07602299815868856,0.053845997534524306,0.05445385288460863,0.04770239476110669,0.03623071901730924
RageAgainstTheMachine\05 Bullet In the Head.mp3,-1.805744,6892.640211827149,0.04771163384441321,4.232149168517381,-0.025544051088102177,3676.4096536750885,0.1626942277384745,7.088285764501827,-1.805744000000001,5762.863528594635,0.0675710622500906,4.588876298299125,-0.06725134502690532,4955.271533532605,0.24470651204872523,5.976528754696032,-1.80574400000001,2253.7688636386574,-0.007921523064979211,5.78862312192848,-1.311824364872981,4241.969344344656,0.04199853441677107,5.699913866832202,-1.8057439999999978,176.9829993777438,-0.043056029524282405,5.877601741047737,-0.8537555110220472,305.4574958385606,0.20064774554422007,6.681825506438481,0.32541003039020033,0.14291913395033737,0.1215764195050856,0.09716191921968363,0.07566371657064848,0.06179821220231055,0.05480474500900537,0.04392522162978578,0.03640530934795286,0.040335292174989726
RageAgainstTheMachine\06 Know Your Enemy.mp3,-1.214692,5443.787361254969,-0.10289233991303988,4.888596215308026,0.014398028796057592,3290.621278208036,-0.12023505801445407,6.517464567746188,-1.2146919999999979,4450.856356106243,-0.12512805417781517,5.619796982219073,0.0883157663153264,4111.325966988949,0.09157206176524524,6.0516137004450625,-1.2146919999999994,1387.2045889894919,-0.13295680077488803,8.165907077763972,0.0016283256651449406,2572.533780707061,0.07353506340227248,8.53269353983161,-1.2146919999999997,133.67639343651194,0.1657811059999797,4.840756976366185,-0.05947494989979965,236.14469935289637,0.3414615830782078,4.825818558997289,0.328520451831678,0.133001950143595,0.09161250567927004,0.08707054010307107,0.09085675440592578,0.07556302728401157,0.06427519043394257,0.05062346046273463,0.04254346739443435,0.03593265226133727
RageAgainstTheMachine\07 Wake Up.mp3,-1.53387,5771.136748597873,0.0014411369310904246,4.155487953624858,0.011300022600045201,3299.1077460501574,-0.07123885029503206,6.501788287032581,-1.533870000000001,4815.786152249269,0.016700704223865683,4.645662352866452,0.013202264045282413,4269.937177752987,0.013512240273678453,4.897062279146735,-1.5338700000000016,1718.4339336994026,0.12772289530302727,7.844620824260354,0.18794758951789634,3215.555719859305,-0.026788051847957454,8.543108149380002,-1.5338700000000014,145.84781140552334,0.13016277593549408,4.3484608299014225,-0.08378757515029804,258.8955354572542,-0.008800431534986077,4.2857988396553655,0.34157694224549184,0.12720498721198817,0.0979171645149535,0.08697904417810978,0.08695260832743008,0.07654632870451297,0.060905007960052736,0.04650220498475546,0.039433240025464535,0.03598247184724106
RageAgainstTheMachine\08 Fistful of Steel.mp3,0.135806,4877.6862376978215,-0.0534487855960939,7.062932590338221,-0.007664015328030656,2979.766974832043,0.006893269321905376,7.342163667093632,0.13580600000000162,4061.6521825187992,-0.09830153439290576,9.337636188573164,-0.050189003780077776,3430.0135427746036,-0.0025005963568658337,10.92259730626521,0.1358059999999994,1573.2587423504851,0.12361469805438605,13.636809347731793,-0.140748149629916,2990.5368536193714,-0.04997848695251545,14.13204623522416,0.1358059999999988,122.15777879811161,0.44507878876232926,7.957749549433102,-0.22622244488977886,214.79846113835038,0.10862579064990804,7.31813658834387,0.3261983441259486,0.11931286143020899,0.09947675562167975,0.08221696996777823,0.09235269604426957,0.07805734604187788,0.06341304992258195,0.05481399236117865,0.046723888162265824,0.03743409632221087
RageAgainstTheMachine\09 Township Rebellion.mp3,-2.124832,5102.279835249823,0.04170354040301866,5.358442468900541,0.02065204130408261,2647.478055959975,0.021386270321375227,6.727710461252232,-2.124831999999999,4418.07214835147,0.03774285310770102,6.868609538621083,0.21285625712514256,3265.789500030504,-0.003937406335211533,6.053301012622922,-2.1248319999999943,1938.544011941522,0.021486633655969305,10.25050503428701,-0.3793438687737618,3653.3931293525925,-0.020445997714576496,11.006859012058658,-2.1248319999999974,165.9593201293973,-0.1443843022682374,4.939366833363096,-0.2764609218436865,288.5171036524732,0.029579189826616923,4.89151102863441,0.34545360383722434,0.1559941745495366,0.08741599802095532,0.06297046783258359,0.07536467757319941,0.075526823304578,0.06604429998495383,0.05498200408650191,0.03938769275953584,0.03686025805093108
RageAgainstTheMachine\10 Freedom.mp3,-1.760566,6134.7568438103035,0.08548385561028532,4.731273909695474,-0.010596021192042384,2781.866664251182,-0.03175674035506233,9.7469630417665,-1.7605660000000045,5589.5183355290255,0.10940784947101873,5.245082113239817,-0.09613192263844898,4064.8644812423026,0.009097546475238397,4.819920336619143,-1.760566,2630.687952130351,0.014679775316454789,6.693444356033082,-0.3081256251250375,5029.419529263314,-0.041361236010310394,7.041043985448856,-1.7605659999999979,241.97544180445593,-0.059874694520418874,3.9074635289041155,0.023072144288576197,425.0825478598066,-0.1701399494709967,3.9548635200228324,0.40350092057622894,0.10186874880672038,0.08166585495917315,0.058749653147964064,0.06867376518555983,0.06602085047029356,0.06163442166515192,0.0648170297431275,0.04728792211126607,0.04578083333451441
