,amp1mean,amp100dstd,amp10dstd,amp100dmean,power5,amp1dskew,amp100dkurt,amp10skew,power2,power1,amp1000std,amp1000dskew,amp1skew,amp100skew,amp10dskew,amp10std,amp1000dstd,power9,power4,amp100kurt,power10,power7,amp10dkurt
Adele\01 Hometown Glory.mp3,0.23219621357300474,-1.2935111999143818,-0.0678513231098981,0.1701050379051325,-0.6978454413698684,2.3809943085625447,-0.8185315307000952,1.348842400481492,1.4608361977218414,-1.3910994129952161,-1.2274850497842713,0.9384952588416423,2.872943915854978,-0.5366836845095309,-0.3655575322669355,-1.095316162285912,-1.2457645321941138,-0.1834291872935872,1.737043694850082,-0.8518557677379158,-1.4005755339959352,-1.5868648506445198,-0.29971430106559954
Adele\02 I'll Be Waiting.mp3,0.18014576611819483,-0.6778086681367972,0.23456140517306734,0.49650438018563214,1.0153128275258057,0.7574927899069368,-1.079415117777436,-0.28848882242404755,0.07607365255744791,-0.6173426763001886,-0.619814587195183,0.1587713306041744,0.5829738899424582,-0.3696259803755727,-0.9411750539100325,-0.3724694905447815,-0.5897023061811774,-0.18049173124402487,1.2283122706414915,-1.083538894317187,-0.8543670920555442,-0.2944300252674808,-0.984250942759597
Adele\03 Don't You Remember.mp3,0.14585867878316855,-0.5291599935471694,-0.14349254494438796,0.3937615335092933,0.054521788276453355,0.9014081001706509,-1.0483084339930338,-0.16584205837729438,0.43666041105645875,-1.288156145418561,-0.5376774891871124,0.4899829704317939,1.0832309240063789,0.40297608378762934,0.5774158951085168,-0.47431374082282113,-0.5584230183869067,1.5080877648260353,1.3892714968054989,-1.0701499404698738,-1.493971576417181,-0.5072369830237057,-0.7773012023830428
Adele\04 Turning Tables.mp3,0.24604582301220554,-1.3034411241373323,0.16610115059285818,0.44099353865760804,0.15323756049902093,1.3054539452180731,-0.8490449730421036,0.532262320710545,0.7420170843569042,-2.0223662807171925,-1.2793047722350164,-0.5504015362279333,1.5226745592116968,-0.09614260293480646,-0.5343376119699511,-1.0861464757249288,-1.2926984823360805,1.768903080281938,1.6732819760969024,-0.9187599965673644,0.2959784893935019,-0.5516819918159841,-0.9985187707114344
Adele\05 Set Fire To The Rain.mp3,0.2066215708088696,-0.6209277499050192,-0.4886824552629905,1.4134903271248414,0.32309893405863455,1.195438153688773,-1.16241683015398,-0.09302541564055893,0.6477544864593265,-1.0751013081647556,-0.5803859152808973,0.8096682789043828,0.9490751126469145,-0.21146845502021758,0.15600276159364163,-0.5472238709571412,-0.5650796717284554,0.41011566905512614,1.905748258462378,-1.1779132309669502,-0.9732251261843959,-0.7117713659209477,-0.9271081742025787
Adele\06 If It Hadn't Been For Love.mp3,0.2800587837177129,-0.7179428516340686,-0.5177211955540304,-0.06164553034836347,0.13122967039151628,1.0860252786428832,-0.8680283443157198,2.315547560778366,0.34651562833715505,-1.41250729609048,-0.7430907697552543,-0.2504828868387294,0.9951250694681429,-1.4367675213357203,-0.21741832555415294,-0.830217343047541,-0.7405534427355973,0.46071012131723604,1.1030947843132524,-0.8841024974512409,-0.5370547356829162,-0.708629227314793,-0.6560838356550661
Adele\08 Take It All.mp3,0.24695482903776514,-1.2789879086169107,-0.3221220021734214,0.14396097005879552,3.3736829097554963,1.0761507758071949,-0.9091903194271226,1.3327804033908375,0.808432050857114,-2.0744879446714246,-1.341740616347519,0.6120340447082986,2.9544021735740755,-0.19346068538354233,-0.9093836044708241,-1.2595921923573725,-1.350805203592805,0.5090160149869044,1.0968180717102725,-0.9151476961404947,-0.9740191674274167,0.014864586078317345,-0.8297346512304942
Adele\09 Rumour Has It.mp3,0.2469038613412345,-0.692260951794249,0.20232489907826198,0.5441201253893357,-0.44422270239705863,0.6836212962314576,-0.8114747501087614,-0.20989234923786393,-0.4443402560467321,0.6531512861972013,-0.5453276794353172,0.5952603676057866,0.2737441101608798,-0.42687526406894655,-0.355843368857669,-0.26289838658969533,-0.5141749879461633,-0.05583460710574296,0.2905307650138877,-0.8461167367904721,0.10858194355384788,-1.150751789207324,-0.8897734124992775
Adele\11 One And Only.mp3,0.15533662405117196,-0.2703425300932398,-0.3181662993018056,0.6634881546496625,0.5338218958185957,1.3689479169126924,-1.066852825830337,-0.13355416165997758,-0.7926805653393136,-0.815537782900481,-0.05507309236629677,0.5891774748122325,0.5487702857433012,-0.39720969051218824,1.2546183881095792,-0.2548337613586501,0.07538792807347913,-0.045211350116268666,2.2867340075217606,-1.0771372324326136,0.27069417830098685,-0.3639533518074789,-0.8215283087353755
Adele\12 Lovesong.mp3,0.25819030721661795,-0.396465527517324,-0.12866053526098115,-0.5407876272603469,-1.5653027671585604,2.012915918350669,-0.9709745007491993,1.2658211585773802,0.4464284201901036,1.4295018383856541,-0.5152979251885789,-0.43693588268927275,1.4355412515092851,-0.6460594450516198,-0.0050629049459845815,-0.4599018998892468,-0.524719162294958,1.2549628061844493,-0.5306491775184737,-0.9672939201710306,-0.7290399040577562,-1.5034087792755833,-0.8222573463478428
Adele\13 Chasing Pavements.mp3,-0.12228680628586132,-0.3938078185464577,0.85995901935667,0.03255199379869768,0.42663285724018746,0.5130758973406666,-1.078140797163496,-0.32268484086555355,-0.15691841856942565,0.2238578753315672,-0.2520491436740222,0.5457605798479931,0.051187237946750126,-0.5544186960842836,0.3384732414829824,0.24389071249079777,-0.2920870563157529,0.11558329316240257,1.079740600869423,-1.0474504020122613,-0.29577115361754003,-0.6362396241483811,-0.8879845025758426
Adele\14 I Can't Make You Love Me.mp3,0.26674602138390247,-1.265487358905355,-0.6679715032458735,0.214203165934608,-0.1252378726442067,2.5893360794501987,-0.8961974535027739,1.048261038710044,1.126964165032316,-1.072910412867853,-1.282368419782739,0.24320320735051723,2.4332317446641714,-0.31396514686354077,0.126638411922827,-1.3210441261460257,-1.2822933709218194,0.29809415413591817,0.9655021728261372,-0.9278659703588921,-1.606250873114169,-0.990499150840808,-0.5674285920023885
Adele\15 Make You Feel My Love.mp3,0.2651584818460171,-1.2428356376747018,-0.6365516247003125,0.31943676982219443,-0.8356368882621824,2.639770255392018,-0.9829792353247138,0.9156651344094224,1.3600362852396861,-0.9735947784338149,-1.2204548638965385,0.35992331952172596,2.085552368599672,-0.09762931527947959,-0.04701839874749124,-1.246036662003273,-1.2092711119722945,-0.03615465276644141,1.295171397703796,-1.0317286255534417,-1.1006048145530534,-1.1948059100919586,-0.7494348462656921
Adele\16 Someone Like You.mp3,0.26620989426827724,-1.2890497766403217,-0.2961589824208891,-0.14020209409051093,0.28015267339166283,2.256694078444505,-0.9461471961892928,0.5064951520379353,0.7766446248860986,-2.1255432675338866,-1.346691103937731,-0.2727326353581984,1.7266000225054892,0.016602225224674187,-1.1120974148063822,-1.2493232653043322,-1.3603111542799515,0.9681830383475325,2.4907876630926986,-0.9551023482614067,-0.30521316414150845,-0.2004812022190414,-0.7369850261470888
Adele\17 Rolling In The Deep.mp3,0.22759585791588718,-0.863823688904492,0.3188773402996618,0.16915990036135778,-0.5312593688442961,0.8419135374428409,-0.817752424844099,-0.19853900099136745,0.156203274688284,0.35497795056657006,-0.7622176281179752,-0.49597910845906423,0.3017245945776782,-0.5493076631479812,0.16715748038016756,-0.29181757665784724,-0.7778023943222834,-0.010301310286045194,0.4996117360965755,-0.8057840389644275,-0.8837446126119428,-0.7096643002193421,-0.9088348010019571
BeastieBoys\01 So What'cha Want.mp3,0.04471360711874221,1.5881321031963616,2.1438842000516307,3.2611205244553982,1.001123784352587,-0.5572480651175769,0.18634963769921062,0.012437634742767774,-0.6983384080251702,0.13663514719434944,1.7021010705775608,-1.7228421278026491,-0.28078430704105806,1.4043305266901027,-0.4591153609721323,2.2974168946646305,1.5084972004326846,-0.7036244004278707,0.48221864844076756,0.2621525853118296,-0.22614352053109368,-0.46509793823368567,-0.20017417946087987
BeastieBoys\03 Ch-Check It Out.mp3,0.16319641126917345,2.3680535129675224,-0.38915800043788307,0.3109838291581261,0.01323412014372581,-1.1274462223368662,-0.6348321033923005,0.25415471426583625,-0.7960195772621257,-0.5889316364397097,3.078042931793975,0.9557889247326479,-0.15968351174360704,-0.6004789782969806,-2.174370730569306,1.2370864603527374,2.9989033685745214,0.5789985903084149,0.24110452538305857,-0.604533966991041,1.499094228685782,0.8554273074220888,0.3547320242951243
BeastieBoys\04 No Sleep Till Brooklyn.mp3,0.36253361131189327,0.567455652150588,-1.1612669534206441,0.4917076294935388,0.29167777593521205,-0.5588919652382398,1.2093827721637365,-1.2079164917164367,-2.0437258267230636,-0.5124138829505702,0.47846933216176013,0.49443390729098613,-0.9633109671622982,0.6998561905042714,-0.34929934165492765,0.6130208445866262,0.5637775447410279,3.3361887015765888,0.1350734042988481,1.3517943115578608,2.580771111211575,2.1779881277932236,0.8213626194891371
BeastieBoys\05 Hey Ladies.mp3,-4.991791500522418,0.6035439356874414,-0.7405173054023316,-0.001782081710756751,0.012028533010704506,-0.42934982090038576,1.0005454662826536,-0.08129366399652113,-0.9365794947587864,-0.1445687600996585,0.5121434020480599,-1.5182970128817368,-0.47054933649885156,0.07743657203776909,0.16823673289098792,0.28691859087018956,0.5291191934535543,-0.6909597762380273,1.2985911757775979,0.9958007862747381,0.031157328238411264,0.5808074600601525,3.1009915104128574
BeastieBoys\06 Pass the Mic.mp3,-0.09483878804708923,2.2646590742859467,0.9565588349470077,-0.23491482479342868,-0.5337996626464899,-1.5044983125322506,-0.8251024044823436,0.0515681952584147,0.04656856314367899,1.4042712378624076,1.4067002050475492,0.6169281034749374,-0.23406264119336015,0.03266298818185549,1.3052637935982998,2.079057659629594,1.4316777544574675,-1.231693521264437,0.14586275241587124,-0.8210796893997737,-0.477925982210267,-0.8097278433485255,-0.31355105293566393
BeastieBoys\07 An Open Letter to NYC.mp3,0.14345584557178337,1.2268164746833994,-0.34775971252635407,0.4385773975682367,-0.8976297684763979,-0.14085865690111923,-0.40818616056369766,0.5773873959694917,0.3717988541268587,0.9401193777396081,1.0488066630017066,0.29068748550295603,-0.023108978466279975,1.0963267255785514,-0.17981195177419745,1.2544697501222217,0.9447626521254153,-0.21164560860645307,-1.1967327239285037,-0.3808648171148071,1.183261339548697,-0.4445227760960231,0.2639312425654249
BeastieBoys\08 Root Down.mp3,-0.9841484325443611,-0.1934132688962309,1.6579593481855557,-1.20215650639128,-0.7922948961626898,-0.05964620598413643,-0.7789868625666511,-1.036458210026431,0.24369322172530772,1.7799177993407125,0.12253163946680698,0.5428371401773542,-0.7455501022497703,-1.2809152377874333,0.3612622981066482,1.0468849753373566,0.17566732418229605,-1.0614182447743978,-0.5919576180503829,-0.6568214302741093,-0.5146295854075542,-1.1312968432216426,-0.0031766258817176466
BeastieBoys\09 Shake Your Rump.mp3,-5.022434719656186,1.441998486904566,0.24177694168625535,0.14007737857253855,-0.8479514937121638,-0.22994268519196728,-0.5070124744902362,-3.442488540606509,-1.2024322410034765,1.871778242569038,0.7094058199366853,0.26357981317764717,-2.031206730984663,-2.490509008419646,-0.11340715263128487,1.547969937286614,0.6638543840480423,0.12199218808195694,-0.471259825836396,-0.41049591366936083,0.5518304135367552,-0.293627565024816,1.1838519556435956
BeastieBoys\10 Intergalactic.mp3,-0.16158396134855493,2.9830718744384894,0.13737495693270463,0.17659308735978374,1.937046776222615,-0.679454427048446,-0.7126987556058064,0.6400789432433384,-1.7337412236597303,0.2246380096818889,2.535425134339911,-0.18216669799807564,0.02441862675014487,0.266946275375325,-2.115473026574913,1.790216034902511,2.369547288072341,0.5173497492608635,-0.12447854203274572,-0.6929847724109444,1.528195903329499,0.4857639692717342,1.5229614173301307
BeastieBoys\11 Sure Shot.mp3,-2.187654410641147,1.6919306245666355,1.5700759704914877,-1.9175332451666758,-0.9121739057530391,-0.4329733609829942,0.2185022695505453,0.35561557361588847,0.533275299835027,0.748151000746815,2.126483656666859,-0.5365140038921496,-0.13611929203772302,-0.7525071868466672,-1.8224661199354713,2.2253944695440673,2.0124973488900726,-0.6013666604388987,-0.2815182946353568,0.24570979841160503,0.31580981216690013,-0.5973954404709273,0.30086503053459174
BeastieBoys\12 Body Movin' (Fatboy Slim Remix).mp3,-0.13737180447940883,0.35065832434062677,0.8010263482823925,-0.17832737922115144,0.4803027522390976,-0.3354933624411311,-0.9670578179656676,-0.22054693722416038,-0.18061471234325752,0.8696639222408759,0.7996650421162448,-0.2821330080066145,-0.3193547587395627,0.24689864721277371,0.5809099955551061,1.0156086383064689,0.8251861790178215,-1.0214513440703719,0.4642149398893206,-0.9797761317745514,0.6051912483993868,-0.9321458834055419,-1.0188224419217746
BeastieBoys\15 Fight for Your Right.mp3,0.3319887276223611,0.8162992104322663,0.7568483911556564,0.3854151873050299,1.2273991143301877,-0.4819885660065247,1.0635371646210336,-0.6553058578171559,-1.052600553254368,-0.3772926234513815,0.8607333939672945,0.8271163811398391,-0.6323165012804887,0.5216051142126668,-0.8056603060010556,1.0771665753897481,0.9259989935848241,1.4433019889178882,-0.6062542009774226,1.1071921877468256,1.8002387535068,1.3466450054723855,-0.4640009685734945
Garrett\01 Smooth Criminal 1.mp3,0.2582469969370713,-0.026234288182801036,0.6002725890709352,-0.6541259632432771,-0.089024856407549,-0.4911319864616164,0.8883099338663983,-0.8354559861551484,-1.1531051640169414,0.4866235212713313,0.21467175215512735,-1.1326290685848939,-0.6065113754324744,1.1411744151661043,0.15834012420970164,0.46268416840975174,0.24215649988937266,1.801525864218143,-1.7244142786836798,0.9921329789008845,0.590882167282178,1.7593182727628751,-0.5349513696225348
Garrett\02 Who Wants to Live Forever_ 1.mp3,0.2801137303050508,-1.2542374774870522,-1.3485350918428758,0.4416899557951309,-0.26558534818847435,-0.32531246044444173,2.4929313451865878,-0.10943581133284651,0.03113385292103388,-0.8948851540970147,-1.288770939008199,-0.33020422646510755,-0.2336290516518251,2.973536637344255,-0.3991720133342526,-1.6503803841829898,-1.270501211917669,0.40810201676682645,-1.3711026077648432,2.5184037378444843,-0.314137213709074,-0.0736668356625647,1.8677171598151654
Garrett\03 Clair de Lune 1.mp3,0.265785782402425,-0.9167321023815864,-0.7277373499611877,-0.26746521967520415,1.1256868259850135,-0.4996522161689329,-0.34554907279184277,0.46226045629653456,0.9155358391354401,-2.1906142471238446,-1.2480797875731244,1.9579922516577282,-0.09990346687941991,-0.3876465234942397,-0.18659624992863888,-1.3815399828305643,-1.276260228383535,0.9092237982088648,-1.2520113793305838,-0.35201831118471844,-1.112483216834657,1.9337946423742942,-0.22929802498227211
Garrett\04 He's a Pirate (Pirates of the Car 1.mp3,0.2821824882654217,-0.6735578313118049,-0.5730030619971748,-0.10780448460112642,-0.04176273402513474,-0.7129006751966831,0.4879557737132079,0.5329417188173308,0.055307450966778776,0.24375841001798726,-0.7645045904878671,1.0389527733335961,-0.061328608956601,-1.0542785405341923,-1.092847048381363,-0.9108367869816923,-0.771625478752395,-0.30215350307509525,-1.5901490189544993,0.3920885523410162,-0.8938084654872317,0.8996867908214204,1.3817411268468287
Garrett\05 Summertime 1.mp3,0.2538899220321671,-0.9696271427709915,-1.0447118690017885,0.3206022025829488,-1.5012863082411751,-0.6099027779578451,1.913526206997008,0.39523159036248695,0.6143712791952948,0.9643814934499926,-0.9644387218177148,-0.019750645285935065,-0.04763017976037665,0.9162894266679339,-0.10537063903586816,-1.2902615823626216,-0.9556209898457488,-0.2291503232848441,-0.9200614129801701,1.4738323027855824,-0.8863110433749168,-0.237588820746266,-0.6128412355352185
Garrett\09 O Mio Babbino Caro 1.mp3,0.26067715186533286,-0.7303077083148994,-0.24424738952418948,0.10163586321107598,1.0512139819826194,-0.6395552513943397,-0.39867987228900337,-0.2236146896762537,0.5751731527881133,-0.7025316848249284,-1.1261903685685557,0.6339832723159776,-0.26198412696296336,-0.053401042070556806,-0.4857951700884955,-1.049117106870998,-1.158570741157101,-0.9787581504870675,-1.4971771961537585,-0.3600225188257944,-0.8288791058270243,1.4787783602070492,0.18284012668851954
Garrett\10 Air.mp3,0.2530985017035106,-0.2898477960592764,-0.43940901562695056,-0.04990592717302796,-0.8653549074704997,-0.7856951777282281,0.6203069746714298,-0.014362923502624017,0.7838580738325239,0.9680967126633626,0.12049787330392221,-4.2458805169503595,-0.3919735342284624,-3.5716581746028706,-0.6957053141687121,-0.11253344675628012,0.15431162490114814,-1.0879807321175405,-1.4590727045264134,0.6501904395846063,-1.2621148964924669,-0.18818607710516314,-0.5604335006791701
Garrett\11 Thunderstruck.mp3,0.25822532145572147,-0.28708301095085226,-0.08148265451510783,0.02349501786226522,0.11587152770764159,-0.6276203086898673,0.570091148294351,0.33551952684409714,-0.8866236293329287,-0.370547463079423,-0.11055934428546682,1.0930168149861277,-0.2621231456480845,-0.05827488839885435,-0.5358863180772584,0.09240095035037448,-0.11090159564035298,1.6802542661102216,-1.4205031705050992,0.5780848771245185,0.7828153726304027,1.3956663867677934,0.05603738143221897
Garrett\12 New Day.mp3,0.27740569722165226,-0.882028781650709,-0.8337420335510094,-0.07693828218457045,-0.48349913301571096,-0.31228783651194536,1.8700151362738664,0.7346082479071013,0.4594111716125922,0.5394713741384553,-0.91963929324488,0.08454557824295654,-0.18174298187768792,1.7388953685363273,-0.3213150928187269,-1.1724341561134584,-0.9319790863272391,-1.0513613278246103,-1.052498610213762,1.6118969101576823,-1.271732938858918,0.9812343964286965,-0.3929726888408745
Garrett\14 Rock Prelude.mp3,0.26796306934633773,-0.5327166205762578,0.16860108517527908,-0.8296941448718645,0.16164788580127626,-0.42994364072389896,2.8673445488980924,1.1355487250154632,-1.2331817522120403,0.5612030270137383,-0.5775453873148007,-2.0546224500615966,-0.03359668375045674,1.0450148476231842,-0.095824824845422,-0.44426585233058535,-0.5655746777532045,1.4368359567578455,-1.0527683606135885,3.0718290859939232,1.211645355506405,1.453526473753269,-0.15115813072925643
Garrett\16 Little Wing.mp3,0.29443095414959625,-1.1800953585386265,-1.3020286118437452,0.04352767001197934,2.8182956488380015,-0.41313117737041327,-0.42324584793984243,-0.5152266839186536,-1.3629724141356856,-2.039975517668059,-1.0428838215129659,-0.812355263919437,-0.44894843421351704,-1.079306721154412,-0.5380456104716919,-1.302084189083814,-1.0385634638310999,0.9168661105396518,0.0018972422427711334,-0.2806696785330957,1.2115079694716864,3.462022278907603,-0.6507551214773858
LanaDelRey\01 Born to Die.mp3,0.6562237648343104,0.641770279408695,1.5715466314600743,0.26112249400074034,-0.6621865296054217,-0.5555091579653432,-0.7108214596293619,-0.44989926088861454,1.4416010849676746,0.25638504298451564,0.45057044157319537,0.9072093824854148,-1.0525145463884946,-0.464434727268112,1.37337096905842,0.7332290843816368,0.3902210136770903,-1.622709800354204,0.639840672341612,-0.734744329200028,-1.0070196284788095,-1.1261538945407945,-0.8316719647185121
LanaDelRey\02 Off to the Races.mp3,0.2802703470260629,1.2525098441019575,0.15031931410422544,-4.69980853828076,-0.9467687216020043,-0.8707266846533896,-0.8591881320107231,-0.04711102685640565,-0.08172014240627266,0.6462021122563286,0.8546666212746742,-0.9303050862668747,-0.32655562539785093,-0.18861631805412915,-0.5830706365542342,0.856019130076225,0.6580223067685249,-0.7110329850462264,-0.273413242139016,-0.8650351103142935,-0.7081573808233325,0.26560374413867305,0.1051331276465706
LanaDelRey\03 Blue Jeans (Remastered).mp3,0.3391320113414764,-0.3306711697951132,1.2109016119836336,0.7594231684919075,-1.255030555244381,-0.2125324512362092,0.19676497272654225,-0.024930568856857974,1.627318159587681,-0.19495228575170678,-0.30657305896717263,0.9272669334141384,-0.3915449184161775,1.7534702529650357,0.22317178361524792,0.15559374613378016,-0.3500961329421993,-1.272036309870503,-0.4572011789000059,0.23696859761375821,-0.41331672558836496,0.3119573601919691,-0.7286110652420639
LanaDelRey\04 Video Games (Remastered).mp3,0.34757438396205226,-1.130420092721799,0.47732931831004405,0.2648746189866019,-1.6081776048791063,2.2572693524967784,-0.6013156429506962,-2.2785395558917125,1.7127304683414677,0.7226436857899615,-1.0870613116899566,0.938976765063187,-2.4667669923609816,0.12730862392281328,0.39369319212342996,-0.6264363478625516,-1.1074159449688126,-0.5715458708359593,-0.5374171567285541,-0.7752400793908744,-0.4551264093605337,-1.0430444886576706,-1.0125526878776374
LanaDelRey\05 Diet Mountain Dew.mp3,0.4292550628453082,0.2390985535626826,3.164610534054931,0.26755369307683174,-0.16868127013301357,-0.7135367897621986,-0.4952384247815831,0.2183639649321244,-0.08456697280120438,2.023299744948209,0.5839944648370096,-0.4552438081870877,-0.5226653772936333,-0.6750917349701597,1.1603073544678535,1.9729010446471427,0.5436444332494835,-1.184893587487564,-0.28740327784073283,-0.4456319888672166,-0.3271867162023257,-0.38726257906884426,-0.7831555413003383
LanaDelRey\06 National Anthem.mp3,0.19210009723621993,0.5534646794694332,2.2380367409795765,0.40991414732141884,-0.8593256247593973,-0.46417343184242105,1.653263427420649,-0.23160148249864249,0.883072931679742,0.029501091611972934,0.5264421785139656,0.024541164168159466,-0.11807978456946887,1.123750248347733,-0.22324609524159658,0.9520509192938985,0.5685518006265954,-1.7759653871832417,0.8691165180211173,1.7836100011538134,-1.0494477606745218,-0.7089439331796038,-0.12904226843786276
LanaDelRey\07 Dark Paradise.mp3,0.1314626729006401,1.6849158700617666,-0.01684602042995302,-0.09883278423255759,-0.8165737013844407,-0.22141498163676743,-0.7839920731516098,0.05829763341616619,0.8055646819779653,0.4471440551528688,0.7055199998340954,-2.1622206661282397,0.11837089569337064,-0.19910878848761393,0.2660249266357495,0.6761907969609663,0.3313063744048873,-0.06776581009163868,-0.4423124225115197,-0.7659323140491522,1.1851444641046809,-1.1662755623846557,-0.6432773310114033
LanaDelRey\08 Radio.mp3,0.12433238689149508,0.08974321172088733,1.504290060449825,0.19782315060822447,-0.5660121161841051,-0.5445293502384864,0.9903454576273218,0.2973745373947943,0.9132593549060484,0.5874703385550265,0.9949798209550507,-0.65588159305049,0.2413122553229882,-0.4092917969127123,0.1498782033470992,0.5465848637268044,1.1935336418794795,-1.2424807690042274,-0.30023992015395046,1.0489386636543898,-0.3269104095718699,-0.7506761488135063,-0.5599532119466247
LanaDelRey\09 Carmen.mp3,0.38287521688636356,1.421749945914578,-0.353852596665238,-2.8055574773715644,-1.2079725645889503,-0.31304971708778817,-0.957531870723888,-0.405078671359143,0.4931788661521898,1.4198254902142293,2.1761356205772917,0.9162938286643929,-0.6514291957962103,1.7582475117724325,-1.197714909907674,0.5391523002061583,2.6278290832869584,-1.4088721696232278,-0.11902823326927171,-0.9600846631891161,-1.2346260308822632,-1.1113369144713003,0.6244962229863797
LanaDelRey\10 Million Dollar Man.mp3,0.4534062858438066,0.07543309867736915,1.2442757725506601,0.07685620445048945,-1.0807766231068672,-0.3266845720560515,0.8239396965155291,0.588350927745694,2.2714319214177836,-0.20737731542930268,-0.06972124112999196,0.8632011361333343,-0.6999854239405062,-0.7191529911829342,2.9282145584401618,0.19440321868386742,-0.1199486650573531,-1.3970535044620735,-0.21225500117790802,0.6718155317323143,-1.2541854941492392,-0.41896752993660247,-0.7507328397089292
LanaDelRey\11 Summertime Sadness.mp3,0.2925328337635582,0.6226817888814565,0.4154114159870703,0.3364741176507996,-0.8937392814992674,-0.9112227648347545,-0.5673345052434042,-0.17092619436521353,1.1569808812024902,-0.20012313116624578,0.6354943424259887,0.4650555094967533,-0.484815651402903,-0.31070220118467107,-1.5830696009826704,0.5503929043017468,0.7191354968725073,-0.05757077787888269,0.09768128333939362,-0.5577549019537362,0.11510857119166823,-0.37717542519836605,-0.5721555446708114
LanaDelRey\12 This Is What Makes Us Girls.mp3,0.31062246292953444,0.05931350617881259,0.5077818776144986,0.5895044932340222,-0.6029347411874734,-0.8499668549861803,0.5468608015607742,0.7240232483372872,0.5130104048518298,0.33811008702754114,0.024099255912051386,0.01680177100938572,-0.6228061038703203,-0.34104358093324294,-0.5709354755146968,0.22971690632319722,0.02339216273839657,-1.3570917231173043,0.3162672035058555,0.45420615023284466,-0.40661939123981156,-0.6319262047078519,-0.2963008339999181
RageAgainstTheMachine\01 Bombtrack.mp3,0.2799188025496949,0.16719201488958393,-0.7285679049396003,0.9540575458344678,-0.2686085477188066,-0.16168512653218078,0.1738949611429945,-0.7367489352681659,-0.3955563618491324,0.015081668856351566,0.36764646531375444,0.6396792513669365,-0.47356932031974597,0.6590571514113456,1.616961922342184,-0.13634581701704757,0.43695718286243324,-0.2553914171928006,-0.6584276496228593,0.20865923666121836,0.7335143327937026,-0.053486226491375216,-0.11805713023559929
RageAgainstTheMachine\02 Killing In the Name.mp3,0.27468421169790536,-0.3535244665514368,-0.5515647308550479,0.027442566024419853,1.3001655779998686,-0.4060931877239058,1.131919119203708,-0.01661525067555406,-1.4235951328082257,0.11794378286038165,-0.3462820915043449,-0.7014064462827776,-0.11919796136609188,0.4563487384986717,0.46910832079613674,-0.32622460900080386,-0.3619134195929523,0.9389221124641787,-0.6466042072197996,0.8676099594110538,1.897142507509806,1.0887963003527006,0.7259572808659238
RageAgainstTheMachine\03 Take the Power Back.mp3,0.254338210396448,0.03699749244965114,-0.5625047846936578,-0.5513404787830044,0.7718725020028582,-0.7747620514234348,1.3362997812660902,0.6618334727251929,-0.8339038467640755,-0.24984424801386954,-0.04251608021430436,-0.42067988865878236,-0.22273660726989286,1.0931632099430915,0.8278961496222316,-0.17007980570350822,-0.014761299153873466,0.6111978384497051,0.018927309699375432,1.4143548657575358,0.8231533693417302,0.06275510872929335,0.9982438477977496
RageAgainstTheMachine\04 Settle for Nothing.mp3,0.2662300918758987,-0.2962333400774461,-1.6267703762136791,1.4927539674504853,-0.5835094447812013,-0.4312508787534899,0.30133746820036916,-3.197728007742194,-0.32175554310645404,0.06593527164657874,-0.39743789729286655,-0.4301830873871245,-1.2928720882822111,-0.11604218747395346,-0.5504413703611796,-0.9293706401763014,-0.38227797934689994,0.14986141897722852,-0.4136817628278975,0.48178865055756886,0.9126187457631967,0.4068046696392543,2.4337202044649517
RageAgainstTheMachine\05 Bullet In the Head.mp3,0.2022645337981635,0.5844218798448618,-0.1826092792372744,-0.2256908508699248,0.10526586413811455,-0.4577340157269726,-0.6540518768576649,0.25285825605497825,-1.58948141811986,0.8497045949936829,0.18547798540198024,0.5119435611835864,-0.2674656518455484,0.17710629708017156,3.2631406035930564,0.29628176607213963,0.19999709763565632,-0.34641292863635814,0.18585510437468483,-0.60336587450796,0.810237372097461,0.42095122862788376,0.4461202612810774
RageAgainstTheMachine\06 Know Your Enemy.mp3,0.2528499536577525,-0.447669857846733,-1.0144647517293082,-1.3227716908315759,1.491484665916475,-0.9252221936428762,0.3193436828166493,-1.518920330699103,-1.2950993027470763,0.043888665825450146,-0.27038940327665006,1.326506797240286,-1.0966857510216106,-0.4690289589541613,1.7557427404827328,-0.6372597541439025,-0.23293371225418372,0.40717319383097617,-0.006625598732815684,0.3216882872688165,0.8759496316406167,0.9510961228782882,0.8157093163769641
RageAgainstTheMachine\07 Wake Up.mp3,0.25127419921549615,-0.10671161842286667,-0.746767298822339,-0.1143671501776745,1.4625660497913164,-0.2842255851672054,0.1700980583711809,0.5014507499829054,-1.5952868801106048,0.5321277358726408,-0.2931259498499661,-0.5275648212887761,-0.11815679290507264,1.1511545150945623,0.21147357896405422,-0.31298409724492904,-0.25271290992550816,-0.2946103297906288,0.1610687372801264,0.11025428908277023,0.9210742877366281,0.4739401951670651,0.027587848104133995
RageAgainstTheMachine\08 Fistful of Steel.mp3,0.267454301841787,-0.12495050084626785,-1.50970374657471,0.27840500908703475,1.0172420461396614,-0.7610500650593814,1.2216428682996403,-1.6040756433541234,-1.8611674124317816,0.7125540024600017,-0.18370775928028524,0.9230924114173099,-1.0480412395496916,0.3043027234284865,1.0519724798645715,-0.6310537588711137,-0.11956921147409715,0.4329654754020554,-0.6313571743222025,1.291212959339179,0.906361000490618,0.5294318961861142,2.9539548886522033
RageAgainstTheMachine\09 Township Rebellion.mp3,0.24065397123803517,0.016275872289528755,-1.5881028399301773,0.14563450307803175,-0.03548783347028357,-0.6116355270574511,1.0236101560975208,0.3774904701999549,0.22821752807927848,-0.11257991993012871,-0.1532289083256971,-0.21456322364940367,-0.16076433690346398,-0.1876014453634094,0.35382255031060694,-0.6615876698824594,-0.12339491619319763,-0.09767031155891841,-1.1721002940208312,1.0188210704532465,1.0086371895846484,0.4871430417142141,1.3800757511783865
RageAgainstTheMachine\10 Freedom.mp3,0.2507240891407484,0.21372790824546928,-1.5979739122571217,-1.1173890387900378,0.3098366654259015,-0.6845771373425507,0.65816126109141,2.003236221401263,-0.9050520740018199,0.4472695786524385,0.2809298983267466,-1.2607320979828773,0.5611930474810334,0.0542438663506155,0.4334361187331984,-0.47677240194605586,0.33437168127967987,0.3616749013865547,-0.798692170841449,0.6459669728920864,1.3680025825460427,0.23491975681668137,1.8665541289652647
